product_name,price,source,product_url,image_url
Corstyle Stylish Grey Casual Office Corporate Party Wear Canvas Lace-Up Derby Shoes for Men,Rs. 478,amazon.in,https://www.amazon.in/Corstyle-Stylish-Casual-Corporate-Lace-Up/dp/B078R7G8KZ/ref=sr_1_17?ie=UTF8&qid=1529555161&sr=8-17&keywords=roadster,https://images-eu.ssl-images-amazon.com/images/I/41DcxtgjQXL._AC_US218_.jpg
IZINC Men's Raglan Neck Full Sleeve Cotton T-Shirt,Rs. 339 - 369,amazon.in,https://www.amazon.in/Izinc-Mens-Cotton-T-Shirt-IZINC-CREW-REGLAN-FULL-MAROON-L_Maroon/dp/B014IQNRAQ/ref=sr_1_18?ie=UTF8&qid=1529555161&sr=8-18&keywords=roadster,https://images-eu.ssl-images-amazon.com/images/I/4143z1X55cL._AC_US218_.jpg
Birde Designer Shoes for men - Loafers and Mocassins - Stylish casual Shoes for Boys And Men,Rs. 329 - 349,amazon.in,https://www.amazon.in/Birde-Designer-Shoes-men-Mocassins/dp/B079RDGK85/ref=sr_1_19?ie=UTF8&qid=1529555161&sr=8-19&keywords=roadster,https://images-eu.ssl-images-amazon.com/images/I/41WvCRXEkmL._AC_US218_.jpg
Cartier Roadster Sport Men,"Rs. 5,736",amazon.in,https://www.amazon.in/Cartier-Roadster-Sport-Men/dp/B0039VHF64/ref=sr_1_20?ie=UTF8&qid=1529555161&sr=8-20&keywords=roadster,https://images-eu.ssl-images-amazon.com/images/I/41YWHWyNi8L._AC_US218_.jpg
Posterhouzz Pagani Huayra Pagani Pagani Huayra Roadster Supercar Car Vehicle Fine Art Paper Print Wall Poster,Rs. 239,amazon.in,https://www.amazon.in/Posterhouzz-Pagani-Roadster-Supercar-Vehicle/dp/B07D7Z264Y/ref=sr_1_21?ie=UTF8&qid=1529555161&sr=8-21&keywords=roadster,https://images-eu.ssl-images-amazon.com/images/I/51cMtE5nNuL._AC_US218_.jpg
ZebX Scheme Stitch Fashion Design All Season Daily / Sporty with PU Sole Moccasins / Chic Slip-on / Mock / Ribbon Loafers Synthetic Leather Men's Shoes,Rs. 699,amazon.in,https://www.amazon.in/Zebx-Fashion-Moccasins-Loafers-Synthetic/dp/B077QM7LBS/ref=sr_1_22?ie=UTF8&qid=1529555161&sr=8-22&keywords=roadster,https://images-eu.ssl-images-amazon.com/images/I/31d6lXZY0AL._AC_US218_.jpg
Zoook ZF-ROADSTER 7.3 A ULTRA FAST QUAD USB CHARGER WITH DUAL PORT,"Rs. 1,699",amazon.in,https://www.amazon.in/Zoook-ZF-ROADSTER-ULTRA-USB-CHARGER/dp/B078X9Q4PR/ref=sr_1_23?ie=UTF8&qid=1529555161&sr=8-23&keywords=roadster,https://images-eu.ssl-images-amazon.com/images/I/41aKXgw6VXL._AC_US218_.jpg
GCT Harley Davidson Motorcycles Skull Eagle Bird Wings Collectible Metal Keychain | Key Ring for Car Bike Home Office Keys | for Men Women Boys Girls | for Street Rod BOB Forty Eight Roadster (Golden),Rs. 250,amazon.in,https://www.amazon.in/GCT-Davidson-Motorcycles-Collectible-Keychain/dp/B0788WXTS1/ref=sr_1_24?ie=UTF8&qid=1529555161&sr=8-24&keywords=roadster,https://images-eu.ssl-images-amazon.com/images/I/41bR-2byAYL._AC_US218_.jpg
"Zebx Comfortable Light Weight Suede Shoes , Loafers for Men / Boys -",Rs. 699,amazon.in,https://www.amazon.in/Zebx-Comfortable-Weight-Moccasins-Loafer/dp/B077D1ZKMK/ref=sr_1_25?ie=UTF8&qid=1529555161&sr=8-25&keywords=roadster,https://images-eu.ssl-images-amazon.com/images/I/31vzUt+pxGL._AC_US218_.jpg
"Craft Club Legacy Roadsters Embossed Diary with Button, 7 inches x 5 inches x 2 inches",Rs. 400,amazon.in,https://www.amazon.in/Craft-Club-Legacy-Roadsters-Embossed/dp/B074HF9BL1/ref=sr_1_26?ie=UTF8&qid=1529555161&sr=8-26&keywords=roadster,https://images-eu.ssl-images-amazon.com/images/I/516Scy0YQKL._AC_US218_.jpg
Urban Tribe Roadster Diagonal 30 Litres Black-Red Laptop Backpack,Rs. 849,amazon.in,https://www.amazon.in/Urban-Tribe-Roadster-Diagonal-Black-Red/dp/B01LW3V7R5/ref=sr_1_27?ie=UTF8&qid=1529555161&sr=8-27&keywords=roadster,https://images-eu.ssl-images-amazon.com/images/I/41A+8mqlEVL._AC_US218_.jpg
Corstyle Cross-Strap Casual Synthetic Leather Sandals for Men,Rs. 389,amazon.in,https://www.amazon.in/Corstyle-Cross-Strap-Synthetic-Leather-Sandals/dp/B0711R7XTC/ref=sr_1_28?ie=UTF8&qid=1529555161&sr=8-28&keywords=roadster,https://images-eu.ssl-images-amazon.com/images/I/41HOk8l7ItL._AC_US218_.jpg
Roadster Men Black & Blue Casual Shoes,"Rs. 1,409",amazon.in,https://www.amazon.in/Roadster-Black-Blue-Casual-Shoes/dp/B06XY825M7/ref=sr_1_29?ie=UTF8&qid=1529555161&sr=8-29&keywords=roadster,https://images-eu.ssl-images-amazon.com/images/I/31sspLLbZZL._AC_US218_.jpg
Posterhouzz Pagani Zonda Pagani Pagani Zonda Roadster Supercar Car Vehicle Fine Art Paper Print Wall Poster,Rs. 239,amazon.in,https://www.amazon.in/Posterhouzz-Pagani-Roadster-Supercar-Vehicle/dp/B07D7ZY446/ref=sr_1_30?ie=UTF8&qid=1529555161&sr=8-30&keywords=roadster,https://images-eu.ssl-images-amazon.com/images/I/31ZxYxz1LVL._AC_US218_.jpg
Laurels Roadster Black Dial Analog Wrist Watch - For Men,Rs. 299,amazon.in,https://www.amazon.in/Laurels-Roadster-Black-Analog-Wrist/dp/B01D01L6JE/ref=sr_1_31?ie=UTF8&qid=1529555161&sr=8-31&keywords=roadster,https://images-eu.ssl-images-amazon.com/images/I/510s-eo73VL._AC_US218_.jpg
Roadster Car Heater 12v Volt Heater Car Van Ceramic Heater & Fan,"Rs. 3,362",amazon.in,https://www.amazon.in/Roadster-Car-Heater-Volt-Ceramic/dp/B00GMI8BPU/ref=sr_1_32?ie=UTF8&qid=1529555161&sr=8-32&keywords=roadster,https://images-eu.ssl-images-amazon.com/images/I/41srVgLty2L._AC_US218_.jpg
ELECTROPRIME Wind Up Convertible Car Model Roadster Tin Toy Clockwork Collectibles Gift,"Rs. 3,205",amazon.in,https://www.amazon.in/ELECTROPRIME-Convertible-Roadster-Clockwork-Collectibles/dp/B07DHBFVLC/ref=sr_1_33?ie=UTF8&qid=1529555163&sr=8-33&keywords=roadster,https://images-eu.ssl-images-amazon.com/images/I/41bfBWWllrL._AC_US218_.jpg
Liberty Men Casual Canvas Walking Shoes,Rs. 499,amazon.in,https://www.amazon.in/Liberty-Men-Casual-Shoes-Grey/dp/B075V5KD5S/ref=sr_1_34?ie=UTF8&qid=1529555163&sr=8-34&keywords=roadster,https://images-eu.ssl-images-amazon.com/images/I/41M2dZgIHIL._AC_US218_.jpg
ELECTROPRIME® 2X Door Actuator Lock Motor for Audi A3 A4 TT TTS Roadster Volkswagen Tiguan,"Rs. 3,093",amazon.in,https://www.amazon.in/ELECTROPRIME%C2%AE-Actuator-Roadster-Volkswagen-Tiguan/dp/B07D6B76JY/ref=sr_1_35?ie=UTF8&qid=1529555163&sr=8-35&keywords=roadster,https://images-eu.ssl-images-amazon.com/images/I/41zHOHvqmKL._AC_US218_.jpg
Mickey And The Roadster Racers - Vol 1 DVD,Rs. 199,amazon.in,https://www.amazon.in/Mickey-Roadster-Racers-Vol-DVD/dp/B0765WTS5Z/ref=sr_1_36?ie=UTF8&qid=1529555163&sr=8-36&keywords=roadster,https://images-eu.ssl-images-amazon.com/images/I/61m5tbpds3L._AC_US218_.jpg
Afrojack men's Roadster leather steel toe boots,"Rs. 2,999",amazon.in,https://www.amazon.in/Afrojack-Roadster-Leather-Steel-Boots/dp/B01FMZ148Y/ref=sr_1_37?ie=UTF8&qid=1529555163&sr=8-37&keywords=roadster,https://images-eu.ssl-images-amazon.com/images/I/41e6UzjZ3OL._AC_US218_.jpg
Campus Sutra Men Tri Colour Full Sleeve T-Shirt,Rs. 372.95 - 499,amazon.in,https://www.amazon.in/Campus-Sutra-Regular-T-Shirt-SS16PRM_RNFSTRI_M_PLN_CHGRBL_Charcoal/dp/B01DQVFYO6/ref=sr_1_38?ie=UTF8&qid=1529555163&sr=8-38&keywords=roadster,https://images-eu.ssl-images-amazon.com/images/I/51cTqzc7B7L._AC_US218_.jpg
Roadster Men's Brown Sneakers - 9 UK,"Rs. 1,609",amazon.in,https://www.amazon.in/Roadster-Mens-Brown-Sneakers-UK/dp/B06XNMSJ4D/ref=sr_1_39?ie=UTF8&qid=1529555163&sr=8-39&keywords=roadster,https://images-eu.ssl-images-amazon.com/images/I/417WCgF7hXL._AC_US218_.jpg
Mickey and the Roadster Racers Race for the Rigatoni Ribbon,Rs. 736.44,amazon.in,https://www.amazon.in/Mickey-Roadster-Racers-Rigatoni-Ribbon/dp/1484743342/ref=sr_1_40?ie=UTF8&qid=1529555163&sr=8-40&keywords=roadster,https://images-eu.ssl-images-amazon.com/images/I/61N00RPVJRL._AC_US218_.jpg
Roadster Men Black Casual Shoes,"Rs. 1,199",amazon.in,https://www.amazon.in/Roadster-Men-Black-Casual-Shoes/dp/B06XV1K134/ref=sr_1_41?ie=UTF8&qid=1529555163&sr=8-41&keywords=roadster,https://images-eu.ssl-images-amazon.com/images/I/41gwgAWhDEL._AC_US218_.jpg
Posterhouzz Dodge Viper RT/10 Roadster Dodge Viper Dodge Viper Fine Art Paper Print Wall Poster,Rs. 239,amazon.in,https://www.amazon.in/Posterhouzz-Dodge-Viper-Roadster-Poster/dp/B07D7ZY44S/ref=sr_1_42?ie=UTF8&qid=1529555163&sr=8-42&keywords=roadster,https://images-eu.ssl-images-amazon.com/images/I/51iB6CInVxL._AC_US218_.jpg
Urban Tribe Roadster Stripe 30 Litres Black-Gray Laptop Backpack,Rs. 849,amazon.in,https://www.amazon.in/Urban-Tribe-Roadster-Black-Gray-Backpack/dp/B01LQ4UWB0/ref=sr_1_43?ie=UTF8&qid=1529555163&sr=8-43&keywords=roadster,https://images-eu.ssl-images-amazon.com/images/I/41car0Umt0L._AC_US218_.jpg
Roadster Men's White Sneakers,"Rs. 1,309",amazon.in,https://www.amazon.in/Roadster-Mens-White-Sneakers-6/dp/B0745F77D9/ref=sr_1_44?ie=UTF8&qid=1529555163&sr=8-44&keywords=roadster,https://images-eu.ssl-images-amazon.com/images/I/41enhlcR0hL._AC_US218_.jpg
Tradico® TradicoBrand New Car Tail Rear Number Plate LED Light Direct Fitment for Audi TT Roadster,"Rs. 7,200",amazon.in,https://www.amazon.in/Tradico%C2%AE-TradicoBrand-Number-Fitment-Roadster/dp/B07DBDPXBC/ref=sr_1_45?ie=UTF8&qid=1529555163&sr=8-45&keywords=roadster,https://images-eu.ssl-images-amazon.com/images/I/31egN5mASvL._AC_US218_.jpg
Urban Tribe Roadster 30 Litres Red Laptop Backpack,Rs. 849,amazon.in,https://www.amazon.in/Urban-Tribe-Roadster-Litres-Backpack/dp/B073QP8PBZ/ref=sr_1_46?ie=UTF8&qid=1529555163&sr=8-46&keywords=roadster,https://images-eu.ssl-images-amazon.com/images/I/41byiq7ZVBL._AC_US218_.jpg
Amarelo : 4 pcs Hot 60mm Smart Car logo emblema do Centro de Roda Hub Cap Aro Emblema capa para Forjeremy Fortwo Forfour Roadster Forspeed Forstars,"Rs. 1,742",amazon.in,https://www.amazon.in/Amarelo-Forjeremy-Roadster-Forspeed-Forstars/dp/B079WBVJ4S/ref=sr_1_47?ie=UTF8&qid=1529555163&sr=8-47&keywords=roadster,https://images-eu.ssl-images-amazon.com/images/I/51sFiIw3xaL._AC_US218_.jpg
Mickey Mouse Clubhouse Mickey and The Roadster Racers Birthday Cake Topper Set Featuring Figures and Decorative Accessories,"Rs. 6,988",amazon.in,https://www.amazon.in/Clubhouse-Cake-Featuring-Decorative-Accessories/dp/B06W9GPCQV/ref=sr_1_48?ie=UTF8&qid=1529555163&sr=8-48&keywords=roadster,https://images-eu.ssl-images-amazon.com/images/I/51c-PipOT1L._AC_US218_.jpg
